{
  "model": "xgboost",
  "strategy": "Hybrid (SelectKBest + RFE)",
  "best_params": {
    "learning_rate": 0.05,
    "max_depth": 15,
    "n_estimators": 300,
    "subsample": 0.8
  },
  "best_cv_score": 0.8479184035212254,
  "val_accuracy": 0.8550791739975924,
  "test_accuracy": 0.846574074074074,
  "confusion_matrix": [
    [
      879,
      0,
      0,
      98,
      135,
      7,
      2,
      31,
      48
    ],
    [
      0,
      1198,
      2,
      0,
      0,
      0,
      0,
      0,
      0
    ],
    [
      0,
      1,
      1166,
      1,
      0,
      7,
      25,
      0,
      0
    ],
    [
      167,
      0,
      0,
      852,
      70,
      14,
      46,
      19,
      32
    ],
    [
      148,
      0,
      0,
      34,
      910,
      1,
      0,
      58,
      49
    ],
    [
      7,
      0,
      5,
      23,
      3,
      1124,
      37,
      0,
      1
    ],
    [
      13,
      0,
      17,
      49,
      11,
      11,
      1092,
      0,
      7
    ],
    [
      48,
      0,
      0,
      27,
      73,
      4,
      4,
      932,
      112
    ],
    [
      53,
      0,
      0,
      17,
      70,
      0,
      1,
      69,
      990
    ]
  ],
  "classification_report": {
    "collective_anomaly": {
      "precision": 0.6684410646387833,
      "recall": 0.7325,
      "f1-score": 0.6990059642147117,
      "support": 1200.0
    },
    "contextual_anomaly": {
      "precision": 0.9991659716430359,
      "recall": 0.9983333333333333,
      "f1-score": 0.9987494789495623,
      "support": 1200.0
    },
    "deterministic_trend": {
      "precision": 0.9798319327731092,
      "recall": 0.9716666666666667,
      "f1-score": 0.9757322175732217,
      "support": 1200.0
    },
    "mean_shift": {
      "precision": 0.773841961852861,
      "recall": 0.71,
      "f1-score": 0.7405475880052151,
      "support": 1200.0
    },
    "point_anomaly": {
      "precision": 0.7154088050314465,
      "recall": 0.7583333333333333,
      "f1-score": 0.7362459546925566,
      "support": 1200.0
    },
    "Stochastic Trend": {
      "precision": 0.9623287671232876,
      "recall": 0.9366666666666666,
      "f1-score": 0.9493243243243243,
      "support": 1200.0
    },
    "trend_shift": {
      "precision": 0.9047224523612262,
      "recall": 0.91,
      "f1-score": 0.9073535521395929,
      "support": 1200.0
    },
    "variance_shift": {
      "precision": 0.8403967538322813,
      "recall": 0.7766666666666666,
      "f1-score": 0.8072758770030316,
      "support": 1200.0
    },
    "Volatility": {
      "precision": 0.7990314769975787,
      "recall": 0.825,
      "f1-score": 0.8118081180811808,
      "support": 1200.0
    },
    "accuracy": 0.846574074074074,
    "macro avg": {
      "precision": 0.8492410206948455,
      "recall": 0.846574074074074,
      "f1-score": 0.8473381194425997,
      "support": 10800.0
    },
    "weighted avg": {
      "precision": 0.8492410206948456,
      "recall": 0.846574074074074,
      "f1-score": 0.8473381194425996,
      "support": 10800.0
    }
  }
}