{
  "model": "lightgbm",
  "strategy": "RFE Only",
  "best_params": {
    "learning_rate": 0.05,
    "max_depth": 10,
    "n_estimators": 300,
    "num_leaves": 50
  },
  "best_cv_score": 0.8478952541674865,
  "val_accuracy": 0.8527641448282248,
  "test_accuracy": 0.8493518518518518,
  "confusion_matrix": [
    [
      880,
      0,
      0,
      98,
      140,
      7,
      0,
      28,
      47
    ],
    [
      0,
      1199,
      0,
      1,
      0,
      0,
      0,
      0,
      0
    ],
    [
      0,
      1,
      1168,
      2,
      0,
      5,
      24,
      0,
      0
    ],
    [
      165,
      0,
      0,
      851,
      75,
      15,
      48,
      18,
      28
    ],
    [
      137,
      0,
      0,
      37,
      916,
      1,
      0,
      51,
      58
    ],
    [
      8,
      0,
      4,
      27,
      3,
      1124,
      33,
      0,
      1
    ],
    [
      14,
      0,
      21,
      43,
      9,
      12,
      1092,
      3,
      6
    ],
    [
      44,
      0,
      0,
      24,
      60,
      3,
      4,
      952,
      113
    ],
    [
      49,
      0,
      0,
      20,
      58,
      0,
      1,
      81,
      991
    ]
  ],
  "classification_report": {
    "collective_anomaly": {
      "precision": 0.6784888203546646,
      "recall": 0.7333333333333333,
      "f1-score": 0.7048458149779736,
      "support": 1200.0
    },
    "contextual_anomaly": {
      "precision": 0.9991666666666666,
      "recall": 0.9991666666666666,
      "f1-score": 0.9991666666666666,
      "support": 1200.0
    },
    "deterministic_trend": {
      "precision": 0.9790444258172674,
      "recall": 0.9733333333333334,
      "f1-score": 0.9761805265357292,
      "support": 1200.0
    },
    "mean_shift": {
      "precision": 0.771532184950136,
      "recall": 0.7091666666666666,
      "f1-score": 0.739036039947894,
      "support": 1200.0
    },
    "point_anomaly": {
      "precision": 0.7264076130055511,
      "recall": 0.7633333333333333,
      "f1-score": 0.7444128403088176,
      "support": 1200.0
    },
    "Stochastic Trend": {
      "precision": 0.9631533847472151,
      "recall": 0.9366666666666666,
      "f1-score": 0.9497253907900296,
      "support": 1200.0
    },
    "trend_shift": {
      "precision": 0.908485856905158,
      "recall": 0.91,
      "f1-score": 0.9092422980849292,
      "support": 1200.0
    },
    "variance_shift": {
      "precision": 0.8402471315092674,
      "recall": 0.7933333333333333,
      "f1-score": 0.816116588084012,
      "support": 1200.0
    },
    "Volatility": {
      "precision": 0.7966237942122186,
      "recall": 0.8258333333333333,
      "f1-score": 0.8109656301145662,
      "support": 1200.0
    },
    "accuracy": 0.8493518518518518,
    "macro avg": {
      "precision": 0.8514610975742385,
      "recall": 0.8493518518518519,
      "f1-score": 0.8499657550567353,
      "support": 10800.0
    },
    "weighted avg": {
      "precision": 0.8514610975742384,
      "recall": 0.8493518518518518,
      "f1-score": 0.8499657550567353,
      "support": 10800.0
    }
  }
}